Created date,Post title,Post link,Post type,Impressions,Video views,Clicks,Click through rate (CTR),Likes,Comments,Shares,Follows,Engagement rate
2019-06-08 00:00:00,"üö®BIG NEWSüö® 

Indiana University is acquiring the fastest university-owned supercomputer in the nation, Big Red 200. üñ•

READ: https://bit.ly/2Wotkl5",https://www.linkedin.com/feed/update/urn:li:activity:6543159039977762816,Organic,64796,0,2428,0.03747144713997841,1275,22,91,0,0.05889252573251724
2019-06-07 00:00:00,"College is more than a collection of classes and information - it's a place where we make memories and friendships that last forever.

This week, the IU Bloomington class of 2023 started their freshman orientation. What's one piece of advice you'd share with them?

#indianauniversity #iuishhome ",https://www.linkedin.com/feed/update/urn:li:activity:6542783115746648064,Organic,51769,15607,914,0.017655353993177414,737,85,35,0,0.034209661185741425
2019-06-06 00:00:00,"Watch IU President Michael McRobbie discuss the process of selecting the next Big Ten Conference Commissioner, Kevin Warren.

#indianauniversity ",https://www.linkedin.com/feed/update/urn:li:activity:6542496740849836032,Organic,9675,0,113,0.011679586954414845,36,0,1,0,0.01550387591123581
2019-06-06 00:00:00,Business law and ethics professor and IU-Bloomington Cybersecurity Program chair Scott Shackelford shares why it's time to take cyberattacks as seriously as air disasters in The Wall Street Journal. https://on.wsj.com/2WxC9y1,https://www.linkedin.com/feed/update/urn:li:activity:6542420096537681920,Organic,7954,0,63,0.007920542731881142,35,1,2,0,0.012698013335466385
2019-06-05 00:00:00,"The IU Alumni Association is proud to present job opportunities for IU alumni from all campuses from employers specifically seeking to hire a Hoosier. Check out this listing that was recently shared with the IUAA. 

Illinois State University, Normal, IL  - ASSOCIATE OR ASSISTANT PROFESSOR, LEGAL STUDIES
Teaching responsibilities include undergraduate courses across the paralegal curriculum including but not limited to legal research and writing, introduction to law for paralegals, and commercial transactions. For a full job description and application instructions, please visit: www.IllinoisState.edu/jobs. 

If you need additional career assistance, the IUAA Career and Professional Development team is here to help. Learn more about career coaching at www.iualumnicareers.com. 
",https://www.linkedin.com/feed/update/urn:li:activity:6542035908395360257,Organic,21303,0,199,0.00934140756726265,104,0,3,0,0.014364173635840416
2019-05-31 00:00:00,"The Indiana University Alumni Association values service, loyalty, and volunteer leadership. During Cream and Crimson Weekend, the IUAA will honor five alumni volunteers who exemplify these qualities. üèÜüèÜ

READ: https://bit.ly/2wwMj2c",https://www.linkedin.com/feed/update/urn:li:activity:6540314590637510656,Organic,27801,0,224,0.008057263679802418,222,1,6,0,0.01629437878727913
2019-05-31 00:00:00,"
Who likes dealing with paperwork, especially when you're trying to change the world?
A new start-up co-created by a recent Indiana University - Kelley School of Business graduate helps nonprofits focus on making a difference without drowning in papers.

https://bit.ly/2JPaTUO",https://www.linkedin.com/feed/update/urn:li:activity:6540199538085498880,Organic,13384,0,147,0.01098326314240694,88,3,9,0,0.01845487207174301
2019-05-29 00:00:00,"The IU Alumni Association is proud to present job opportunities for IU alumni from all campuses from employers specifically seeking to hire a Hoosier. Check out this listing that was recently shared with the IUAA. 

Hanapin Marketing, Bloomington, IN (remote options as well) ‚Äì Entry level to experienced marketing roles available ‚Äì About Hanapin Employment - Our people evolve with the ever-changing demands of the marketing industry. We work hard, laugh a lot, and grow as a team every day. https://lnkd.in/esPuF_4 

BlueCross BlueShield, Chicago, IL ‚Äì Corporate Strategy Consultant - This is an entry-level professional position in the Corporate Strategy office.  This position is responsible for contributing to a broad array of corporate strategic, analytical, planning, and integration activities to ensure continued growth and profitability of the organization. https://lnkd.in/emaVG9K
If you need additional career assistance, the IUAA Career and Professional Development team is here to help. Learn more about career coaching at www.iualumnicareers.com.
",https://www.linkedin.com/feed/update/urn:li:activity:6539495946248605696,Organic,16133,0,270,0.016735883429646492,76,6,2,0,0.02194260247051716
2019-05-27 00:00:00,"On this #MemorialDay, we remember and honor those servicemen and women who sacrificed their lives for our freedom.

Learn more about how IU is supporting student veterans: https://lnkd.in/ewzeJ52

#indianauniversity ",https://www.linkedin.com/feed/update/urn:li:activity:6538744474842001408,Organic,56872,16662,336,0.005908004008233547,625,6,16,0,0.01728442870080471
2019-05-26 00:00:00,"IU researchers have created a powerful new molecule for the extraction of salt from liquid. 
The work has the potential to help increase the amount of drinkable water on Earth.
https://lnkd.in/eyGqxqw",https://www.linkedin.com/feed/update/urn:li:activity:6538472139585048576,Organic,27943,0,500,0.01789356954395771,388,8,24,0,0.032924167811870575
2019-05-24 00:00:00,"See how IU's Precision Health Initiative had dramatic results for this triple negative breast cancer patient.

https://lnkd.in/eQwRWH9?

#IUGrandChallenges #indianauniversity",https://www.linkedin.com/feed/update/urn:li:activity:6537688013412065280,Organic,11718,0,70,0.005973715800791979,63,1,5,0,0.011862092651426792
2019-05-23 00:00:00,"We are excited to announce that Indiana University was awarded the 2019 Citrix Innovation Award! üèÜüôå IU earned the recognition for two accessibility tech projects that help students with disabilities: IUanyWare AT Desktop for Accessible Applications and a virtual desktop for speech and hearing sciences.

READ: https://lnkd.in/gbGHwDJ",https://www.linkedin.com/feed/update/urn:li:activity:6537356488623685632,Organic,23241,0,178,0.007658878806978464,211,5,6,0,0.017210964113473892
2019-05-23 00:00:00,"Indiana University's three Grand Challenge initiatives are making a real and lasting difference in Indiana and beyond.

Check out the important strides made by harnessing the combined forces of IU Grand Challenges teams and our partners in businesses, local and state government, other universities, and community organizations.

https://lnkd.in/ewcEDyF

#indianauniversity #IUGrandChallenges ",https://www.linkedin.com/feed/update/urn:li:activity:6537305375400620032,Organic,29024,9719,218,0.007511025294661522,104,2,3,0,0.011266537941992283
2019-05-21 00:00:00,"Are you ready to level up your higher ed social media game?
The Indiana University Social Media Summit version 4.0 is happening August 7 in Indianapolis with a full day of #hesm expert training and a keynote address from Matthew Kobach - an IU alum and social media manager for the NYSE. 
Register today üëâhttps://lnkd.in/gXQwvHX

#indianauniversity #socialmedia",https://www.linkedin.com/feed/update/urn:li:activity:6536572891146924032,Organic,13637,0,150,0.010999486781656742,66,0,2,0,0.015985921025276184
2019-05-20 00:00:00,"For almost 20 years, the Indiana University School of Optometry has partnered with Ramkamhaeng University in Bangkok to establish an optometry program.

Learn more: https://lnkd.in/e3uF35a

#IUinThailand #indianauniversity",https://www.linkedin.com/feed/update/urn:li:activity:6536233403077971968,Organic,24431,6546,96,0.00392943387851119,87,2,3,0,0.00769514124840498
2019-05-17 00:00:00,"""I.M. Pei was one of the greatest and most accomplished architects of the 20th century. His design for our treasured Eskenazi Museum of Art remains truly visionary and extraordinary, and it has contributed mightily to the museum's reputation as one of the premier art museums in the world.""

On behalf of the Indiana University community, we send our deepest and most heartfelt condolences to the family and friends of I.M. Pei and to all of those who have been moved and influenced by this revered modernist architect.

https://lnkd.in/e-U4T-k

#indianauniversity #architects #architecture",https://www.linkedin.com/feed/update/urn:li:activity:6535147455237943296,Organic,67343,0,971,0.01441872213035822,961,29,60,0,0.030010543763637543
2019-05-17 00:00:00,"This giant land sloth once roamed Indiana. We're bringing it back to IU.

Meet Megalonyx jeffersonii a.k.a MegaJeff!

https://lnkd.in/g5Zn-w5",https://www.linkedin.com/feed/update/urn:li:activity:6535136761138552833,Organic,15066,0,152,0.010088942013680935,150,4,7,0,0.02077525481581688
2019-05-16 00:00:00,"IU is in the running for the 2019 Citrix Innovation Award for our use of the Citrix platform to make education accessible to everyone. Vote here to help us win üëá
https://lnkd.in/gbGHwDJ

#indianauniversity",https://www.linkedin.com/feed/update/urn:li:activity:6534759205293961216,Organic,14045,0,158,0.01124955527484417,114,6,10,0,0.020505517721176147
2019-05-15 00:00:00,"The IU Alumni Association is proud to present job opportunities for IU alumni from all campuses from employers specifically seeking to hire a Hoosier. Check out these listings that were recently shared with the IUAA. 

Indiana University Center of Excellence for Women and Technology, Bloomington, IN  - Program Coordinator
For a job description and application instructions, please visit: https://lnkd.in/evBeDxz.  

Sinclair Broadcast Group and Sinclair Digital Solutions, South Bend, IN  - General Manager / Strategic Market Leader
For a job description and application instructions, please visit: https://lnkd.in/e9xJzUG. 

Asian American Legal Defense and Education Fund, New York, NY  - Development Director
For a job description and application instructions, please visit: https://lnkd.in/eaW3fxz.
",https://www.linkedin.com/feed/update/urn:li:activity:6534496714244579328,Organic,14069,0,185,0.013149477541446686,83,0,0,0,0.01904897205531597
2019-05-15 00:00:00,"This year's IU Bloomington commencement by the numbers:
‚úÖ7,281 graduates
‚úÖ50 U.S. states represented
‚úÖ88 of Indiana's 92 counties represented
‚úÖ72 - age of our oldest graduate
‚úÖ19 - age of our youngest graduate
‚úÖ19 sets of twins 
‚úÖ1 set of triplets

#indianauniversity #iubloomington",https://www.linkedin.com/feed/update/urn:li:activity:6534412663924015106,Organic,102451,43769,994,0.009702199138700962,1319,34,73,0,0.023621048778295517
2019-05-14 00:00:00,"Indiana University VP for Information Technology & CIO, Brad Wheeler, is helping colleges band together digitally to support student success. 

The resulting insights could elevate teaching and student success to a whole new level.

#indianauniversity #highereducation",https://www.linkedin.com/feed/update/urn:li:activity:6534041970220904448,Organic,12889,0,145,0.011249902658164501,102,0,3,0,0.019396385177969933
2019-05-13 00:00:00,"Indiana University researchers are reporting a previously unknown way that bacteria can develop new genes to evolve and adapt to threats. 
It's an insight that might advance efforts to fight drug-resistant ""superbugs.""

#indianauniversity ",https://www.linkedin.com/feed/update/urn:li:activity:6533717494857781248,Organic,12682,0,88,0.006938968785107136,96,1,4,0,0.014903011731803417
2019-05-11 00:00:00,"Sometimes a college career doesn't progress in a straight line. Congratulations to the Philadelphia Eagles running back and brand new Indiana University alum, Jordan Howard. We're glad you came back to finish your degree and we're proud to call you a Hoosier for life! ‚ö™üî¥

https://lnkd.in/ghWmJyh

#indianauniversity #iualumni",https://www.linkedin.com/feed/update/urn:li:activity:6533085699296628736,Organic,56760,0,2100,0.03699788451194763,635,12,8,0,0.04853770136833191
2019-05-11 00:00:00,"Indiana University's ICOs are headed to Hungary to advise Hungarian university personnel about tech transfer practices and launching startups.
It's just another example of how we're bringing IU to the world.
 http://go.iu.edu/2aCL

#indianauniversity #techtransfer #startups",https://www.linkedin.com/feed/update/urn:li:activity:6532962382409543680,Organic,13283,0,128,0.009636376984417439,105,3,3,0,0.01799292303621769
2019-05-10 00:00:00,"From meeting with IU students in Indiana and across the globe to hanging banners in Assembly Hall and working on important issues with student leaders - IU President Michael McRobbie and First Lady Laurie Burns McRobbie have a had a busy academic year.

Learn more about their work celebrating IU's traditions and future: http://go.iu.edu/2ayJ

#indianauniversity",https://www.linkedin.com/feed/update/urn:li:activity:6532621934440529920,Organic,38623,11807,257,0.0066540660336613655,162,5,1,0,0.011003806255757809
2019-05-07 00:00:00,"IU's Center for Veteran and Military Students has just launched Operation Hoosier - a campus task force focused on helping student veterans navigate life on campus and reach graduation. 

#indianauniversity #veterans",https://www.linkedin.com/feed/update/urn:li:activity:6531525058005913600,Organic,15368,0,94,0.006116605829447508,145,10,9,0,0.01678813062608242
2019-05-06 00:00:00,"It was wet, but the class of 2019 wasn't going to let that stop them from celebrating their achievements. Congratulations to all of our grads and welcome to the #IUAlumni family!
‚ö™üî¥üë©üèæ‚Äçüéìüë®üèº‚Äçüéì‚ö™üî¥üë®üèæ‚Äçüéìüë©üèº‚Äçüéì‚ö™üî¥

#IUBGrad19 #indianauniversity",https://www.linkedin.com/feed/update/urn:li:activity:6531221075240509440,Organic,87674,33669,689,0.007858658209443092,1095,27,37,0,0.021078085526823997
2019-05-04 00:00:00,"Join us live today at 10 a.m. to celebrate the IU Bloomington class of 2019. Congrats to all of our graduates - we can't wait to see the great things you're going to do! https://bit.ly/2Y34Grq
#indianauniversity #iubgrad19",https://www.linkedin.com/feed/update/urn:li:activity:6530410802548211712,Organic,30952,0,425,0.013730938546359539,356,4,5,0,0.025523390620946884
2019-05-03 00:00:00,"Join us live today at 3 p.m. to celebrate this year's IU Bloomington Graduate Recognition ceremony. We're awarding more than 2,100 master's and 573 doctoral degrees! Congrats to all of our graduates!
https://bit.ly/2Y6IRHn

#indianauniversity #iubgrad19",https://www.linkedin.com/feed/update/urn:li:activity:6530100026818027520,Organic,39299,0,603,0.015343901701271534,392,13,8,0,0.025853075087070465
2019-05-02 00:00:00,"Indiana University's long and storied history of international engagement dates back more than a century and spans the globe. But few countries hold quite the connection that Thailand does.

Learn more about IU's work and partnerships in Thailand: thailand.news.iu.edu

#indianauniversity #iuinthailand ",https://www.linkedin.com/feed/update/urn:li:activity:6529705617416863744,Organic,27883,8987,155,0.005558942910283804,150,5,6,0,0.011333070695400238
2019-05-01 00:00:00,"The IU Alumni Association is proud to present job opportunities for IU alumni from all campuses from employers specifically seeking to hire a Hoosier. Check out this listing that was recently shared with the IUAA. 

CDFI, Bloomington, IN ‚Äì Executive Director - The ideal candidate will bring credit experience at a CDFI and/or in community development, experience or capacity to manage a startup organization, strong leadership qualities, and the disposition for working closely with a nonprofit board.  . Familiarity with Bloomington/Monroe County is a plus. For a full job description and application instructions, please visit: https://lnkd.in/eM-i3D9. 

If you need additional career assistance, the IUAA Career and Professional Development team is here to help. Learn more about career coaching at www.iualumnicareers.com.
",https://www.linkedin.com/feed/update/urn:li:activity:6529325317599870976,Organic,28253,0,278,0.009839663282036781,103,0,4,0,0.01362687163054943
2019-04-30 00:00:00,"""The George Taliaferro Plaza will serve as a permanent reminder to our players, coaches, staff & fans of the impact he made on Indiana University, the sport of football & the individuals that he crossed paths with on a daily basis.""
#indianauniversity
https://lnkd.in/gb88AnG",https://www.linkedin.com/feed/update/urn:li:activity:6528961231372587009,Organic,15340,0,153,0.009973924607038498,136,6,9,0,0.019817471504211426
2019-04-29 00:00:00,"Between creative workshops, fun trips and great friends, IU sophomore John Rusyniak climbed his way to the top this semester. üèïCheck out our peek into the life of this Indiana University - Kelley School of Business student and IU Outdoor Adventures trip leader. ‚ö™üî¥üìö #OneDayOneHoosier
#indianauniversity 

Read his whole story here: https://bit.ly/2Iz8s85",https://www.linkedin.com/feed/update/urn:li:activity:6528631781862760448,Organic,22459,6307,85,0.003784674219787121,84,7,5,0,0.008059130050241947
2019-04-28 00:00:00,"Our hearts are with the family and friends of former Indiana senator and IU faculty member Richard Lugar, who passed away this morning.

IU President Michael McRobbie called Lugar ""one of Indiana's and our nation's most illustrious and visionary statesmen, a dedicated public servant and a true titan of U.S. politics.""

Read more about Lugar's legacy: https://lnkd.in/d_aMgk6?",https://www.linkedin.com/feed/update/urn:li:activity:6528342380741955584,Organic,27929,0,487,0.017437072470784187,403,27,26,0,0.03376418724656105
2019-04-28 00:00:00,"""Success can be a powerful motivator, so I feel like I've been able to perform at an even higher level through the valuable experiences I've gained competing."" 

Indiana University Jacobs School of Music student Dominic Muzzi snags two gold medals in two national competitions. #success #indiana 

http://go.iu.edu/2atU",https://www.linkedin.com/feed/update/urn:li:activity:6528273455115309056,Organic,12071,0,110,0.009112749248743057,67,0,6,0,0.015160301700234413
2019-04-27 00:00:00,"Indiana University President Michael A. McRobbie has issued a statement on IU alumnus and internationally acclaimed physician, educator and scientist David Hamburg, who died April 21 at the age of 93.

http://go.iu.edu/2atM",https://www.linkedin.com/feed/update/urn:li:activity:6527938246268329984,Organic,16173,0,217,0.013417423702776432,76,0,2,0,0.018240276724100113
2019-04-26 00:00:00,"Researchers at the Indiana University School of Optometry partnered with the IU baseball team to investigate impact of 'vision training' on sports performance. #indiana #baseball #iuresearch 

MORE: http://go.iu.edu/2av1",https://www.linkedin.com/feed/update/urn:li:activity:6527571456740589568,Organic,52395,21078,441,0.008416833356022835,361,10,34,0,0.016146579757332802
2019-04-25 00:00:00,"Indiana University will award more than 21,000 degrees to 20,942 graduates during commencement ceremonies at its seven campuses May 3 to 11. Of those degrees, 10,008 of them come from IU Bloomington. üéì 

#indianauniversity #iubloomington #commencement

http://go.iu.edu/2aul",https://www.linkedin.com/feed/update/urn:li:activity:6527213249031598080,Organic,24038,0,282,0.011731425300240517,392,12,22,0,0.02945336513221264
2019-04-24 00:00:00,"The IU Alumni Association is proud to present job opportunities for IU alumni from all campuses from employers specifically seeking to hire a Hoosier. Check out these listings that were recently shared with the IUAA. 

Hilliard Lyons, Bloomington, IN  - Client Service Associate I
Works under direct supervision to provide unlicensed support in all phases of client service, client relationship building, and account maintenance to assist the business activities of the Wealth Advisor(s). For a full job description and application instructions, please visit: https://lnkd.in/eKPAnvw. 

The Bee Corp, Bloomington, IN  - Full Stack Developer
Automate existing back end software pipelines, build a hybrid web app, and integrate back end and front-end software. For a full job description and application instructions, please visit: https://lnkd.in/ewPG8YZ. 

If you need additional career assistance, the IUAA Career and Professional Development team is here to help. Learn more about career coaching at www.iualumnicareers.com. 
",https://www.linkedin.com/feed/update/urn:li:activity:6526827947259686912,Organic,26200,0,223,0.00851145014166832,87,2,6,0,0.012137404642999172
2019-04-23 00:00:00,"Celebrating not only the conferral of degrees but of the legacies left behind. üéì‚ú® 
#IUBGrad19
#indianauniversity",https://www.linkedin.com/feed/update/urn:li:activity:6526524409769967616,Organic,28722,8885,100,0.003481651656329632,198,4,18,0,0.011141285300254822
2019-04-22 00:00:00,"Celebrate #EarthDay2019 by learning about the research fellows of the Environmental Resilience Institute at Indiana University: http://go.iu.edu/2aqY

Together, they're working to help Hoosiers prepare for the challenges that environmental change will bring to Indiana.

#EarthDay #indianauniversity #researchers #climatechange #climatechangeadaptation #IUGrandChallenges",https://www.linkedin.com/feed/update/urn:li:activity:6526093217002242048,Organic,23350,5471,77,0.0032976444344967604,105,3,9,0,0.008308351039886475
2019-04-20 00:00:00,"Six alumni of the Indiana University - Kelley School of Business will be honored for professional achievement during the 50th Annual Alumni Awards Gala on Saturday, April 27, in Chicago.
https://lnkd.in/gG2iKrT
#indianauniversity",https://www.linkedin.com/feed/update/urn:li:activity:6525467230514352128,Organic,28035,0,1117,0.03984305262565613,229,15,7,0,0.048796147108078
2019-04-20 00:00:00,"We're teaming up with Salesforce.org to bring its annual higher education conference to Indianapolis in 2020.
https://lnkd.in/g6nhrBR

#indianauniversity",https://www.linkedin.com/feed/update/urn:li:activity:6525371102779314177,Organic,12994,0,125,0.009619824588298798,112,1,5,0,0.018700938671827316
2019-04-19 00:00:00,"Meet Indiana University's Environmental Resilience Institute research fellows -- 11 ambitious researchers from across the globe whose areas of expertise encompass the scientific, sociological, legal, historical and artistic challenges of climate change.

Their work will help Hoosiers prepare for the challenges that environmental change will bring to Indiana. 

#indianauniversity #environment #climatechange #grandchallenges #research
",https://www.linkedin.com/feed/update/urn:li:activity:6525005552861396993,Organic,12043,0,117,0.00971518736332655,111,1,4,0,0.019347338005900383
2019-04-18 00:00:00,"At Indiana University we're committed to supporting our students when they face difficult times. Take a look at our Instagram story today to learn more about resources IU has available to survivors of sexual misconduct.
https://lnkd.in/dPMkzHx

#sexualassaultawarenessmonth #indianauniversity",https://www.linkedin.com/feed/update/urn:li:activity:6524694336670572544,Organic,34757,0,473,0.01360876951366663,148,5,3,0,0.018097074702382088
2019-04-17 00:00:00,"The IU Alumni Association is proud to present job opportunities for IU alumni from all campuses from employers specifically seeking to hire a Hoosier. Check out these listings recently shared with the IUAA. 

Indiana University Maurer School of Law ‚Äì Career Services Coordinator, Bloomington, IN. For a job description and application instructions, please visit: https://lnkd.in/eavKJem.

Bloomington Chamber of Commerce ‚Äì Director of Advocacy and Public Policy, Bloomington, IN. For  job description and application instructions, please visit: https://lnkd.in/eUzTN2k.

St. Vincent Ascension Health -  Simulation Lab Specialist, Indianapolis, IN: For a job description and application instructions, please visit: https://lnkd.in/escqdHX. 

If you need additional career assistance, the IUAA Career and Professional Development team is here to help. Learn more about career coaching at www.iualumnicareers.com.
",https://www.linkedin.com/feed/update/urn:li:activity:6524373320148807680,Organic,25075,0,241,0.009611166082322598,113,0,3,0,0.014237288385629654
2019-04-16 00:00:00,"A Silicon Valley innovator, a former U.S. ambassador, an NFL executive, an inaugural member of the 3/2 accounting MBA program and a long-time Kelley administrator are speaking to this year‚Äôs graduates of the various degree programs at the Indiana University - Kelley School of Business. 
https://lnkd.in/gjHvXek

#indianauniversity",https://www.linkedin.com/feed/update/urn:li:activity:6523993441075105792,Organic,17743,0,371,0.02090965397655964,107,0,4,0,0.027165642008185387
2019-04-15 00:00:00,"On #IUDay we let YOU decide where our social media team would take you on campus for our Instagram story, and you didn't disappoint us!

#indianauniversity",https://www.linkedin.com/feed/update/urn:li:activity:6523657201377173505,Organic,8715,0,67,0.007687894627451897,41,1,1,0,0.012621915899217129
2019-04-12 00:00:00,"A six-member research consortium, including the Indiana University School of Medicine and IU Bloomington, is bringing a new state-of-the-art cryo-electron microscopy platform to the state of Indiana.

The Titan Krios lets scientists look at how proteins and viruses are built atom by atom. It also produces 3D images of those structures and can even identify new proteins that are currently unrecognizable.
#indianauniversity",https://www.linkedin.com/feed/update/urn:li:activity:6522555200551600128,Organic,10923,0,91,0.00833104457706213,102,2,3,0,0.01812688820064068
2019-04-12 00:00:00,"The greatest spectacle in collegiate cycling returns to Armstrong Stadium this weekend! The women will race today at 4 pm and the men's race starts tomorrow at 2 pm. Are you ready?
üö¥üèº‚Äç‚ôÄÔ∏èüö¥üèºüí®
More info: https://lnkd.in/eWxZJcT

#Little500 #indianauniversity #cycling ",https://www.linkedin.com/feed/update/urn:li:activity:6522415821547986944,Organic,102578,39363,900,0.008773811161518097,1216,52,94,0,0.022051511332392693
2019-04-11 00:00:00,"The IU School of Art, Architecture + Design has been renamed the IU Eskenazi School of Art, Architecture + Design in recognition of Sidney and Lois Eskenazi's generosity and longstanding commitment to IU and the arts.

#indianauniversity",https://www.linkedin.com/feed/update/urn:li:activity:6522101932390182912,Organic,15542,0,256,0.01647149585187435,157,6,13,0,0.02779565006494522
2019-04-10 00:00:00,"Celebrate IU Day by investing in yourself and your career! Sign up for an on location career coaching session at the IUPUI Advancement Office on Wednesday, April 17, or at the Chicago Advancement Office on Thursday, April 18. 
https://lnkd.in/eGbVzf6
#iuday #iuaacpd #careercoaching",https://www.linkedin.com/feed/update/urn:li:activity:6521746162750353408,Organic,24299,0,87,0.0035803942009806633,91,0,2,0,0.007407712284475565
2019-04-09 00:00:00,"Indiana University and the Indiana Geological and Water Survey are rebuilding the skeleton of an ancient, giant ground sloth that once roamed Indiana. üòÆ",https://www.linkedin.com/feed/update/urn:li:activity:6521408907242467328,Organic,11837,0,99,0.008363605476915836,99,4,4,0,0.01740305870771408
2019-04-08 00:00:00,"""Much work needs to be done to encourage more students to pursue language degrees, to become foreign language instructors themselves and to engage in cultural studies. As the world shrinks, we need to train our students in Mandarin, Korean and Russian, as well as in less commonly taught languages such as Pashto, which is widely spoken in Afghanistan.""

Read all of Indiana University President Michael McRobbie's op-ed in Education Dive: Higher Ed and Ed Tech News.

#indianauniversity #foreignlanguages
",https://www.linkedin.com/feed/update/urn:li:activity:6521169168090361856,Organic,22142,0,340,0.015355433337390423,290,22,29,0,0.0307560283690691
2019-04-07 00:00:00,"We're hiring for a new director level position on our marketing team at Indiana University! If you are an innovative, digital-savvy strategic marketer passionate about Indianapolis & IUPUI, this could be the job for you.  We‚Äôre hoping to find the best fit for this critical role ASAP.  Here‚Äôs the full job description:  
https://lnkd.in/gNCqq95",https://www.linkedin.com/feed/update/urn:li:activity:6520780833803108352,Organic,10955,0,153,0.01396622508764267,44,1,10,0,0.018986763432621956
2019-04-07 00:00:00,"Are you a social media pro who loves to share tips, tactics, best practices and strategies to help others achieve social media mastery? Then we're interested in what you have say! We are now accepting proposals for presentations and workshops for the Indiana University 2019 Social Media Summit. 
https://lnkd.in/gAWtuEi
",https://www.linkedin.com/feed/update/urn:li:activity:6520746910708568064,Organic,16122,0,106,0.0065748668275773525,36,0,7,0,0.00924202986061573
2019-04-07 00:00:00,"Indiana University Bloomington has appointed Rick Van Kooten, IU Bloomington's vice provost for research, as executive dean of the College of Arts and Sciences starting July 1.
https://lnkd.in/gaq_2KW?

#indianauniversity #highered",https://www.linkedin.com/feed/update/urn:li:activity:6520641665244495872,Organic,15120,0,238,0.015740741044282913,170,3,3,0,0.02738095261156559
2019-04-06 00:00:00,"This Indiana University - Kelley School of Business is headed to the Final Four this weekend to takeover Instagram's account! üòÆ‚ö™üî¥
#indianauniversity 

https://lnkd.in/gP2sFRe",https://www.linkedin.com/feed/update/urn:li:activity:6520278929205530624,Organic,33262,0,1418,0.042631231248378754,400,10,12,0,0.055318381637334824
2019-04-05 00:00:00,"Forty Little 500s ago in April 1979, Indiana University students, Bloomington locals, university administrators and Hollywood stars gathered at the IU Auditorium after the 29th running of the iconic race. A red carpet was rolled out -- along with 15 yards of black-and-white checkered carpet borrowed from the Indianapolis Motor Speedway -- to greet guests.

A movie theater marquee was hanging above the auditorium entrance. The world premiere of ""Breaking Away"" was about to begin.

#indianauniversity #breakingaway #little500 #universities",https://www.linkedin.com/feed/update/urn:li:activity:6519875228829577216,Organic,91776,33749,990,0.010787134058773518,1100,84,151,0,0.025333421304821968
2019-04-03 00:00:00,"The IU Alumni Association is proud to present job opportunities for IU alumni from all campuses from employers specifically seeking to hire a Hoosier. Check out this listing that was recently shared with the IUAA. 

ALSAC, San Francisco, CA  - SENIOR ADVISOR PHILANTHROPIC
Responsible for building and enhancing relationships with prospects that inspires investment to St. Jude at the highest levels. For a full job description and application instructions, please visit: https://lnkd.in/eN3HZ8K.  

If you need additional career assistance, the IUAA Career and Professional Development team is here to help. Learn more about career coaching at www.iualumnicareers.com. 
",https://www.linkedin.com/feed/update/urn:li:activity:6519212993660669952,Organic,11891,0,234,0.0196787491440773,80,2,2,0,0.02674291469156742
2019-04-02 00:00:00,"From conserving artifacts from a 1725 shipwreck to teaching scuba classes in the campus pool, this Indiana University senior is using her major in underwater archeology to dive into everything IU has to offer.

#indianauniversity #hesm #onedayonehoosier #scuba #archeology",https://www.linkedin.com/feed/update/urn:li:activity:6518838894035824640,Organic,27570,7250,132,0.004787812940776348,143,5,14,0,0.010663764551281929
2019-04-01 00:00:00,"At Indiana University we don't flinch when it comes to tackling today's most pressing issues. That's why we've launched a comprehensive effort to prevent and treat opioid addiction, not just in Indiana, but across the country
https://lnkd.in/gNcZdpU

#indianauniversity #iugrandchallenges #opioids #opioidaddiction",https://www.linkedin.com/feed/update/urn:li:activity:6518451773152333824,Organic,5541,0,47,0.008482223376631737,32,3,4,0,0.015520663931965828
2019-03-31 00:00:00,"Passionate about higher education? Have excellent modern media buying experience? Great collaborator and thinker?  Join us at Indiana University! We are transforming our marketing group and adding more passionate digitally savvy marketers. Great Brand + Great Team = Great Opportunity. Check it out. #marketing #highereducation #universities

https://lnkd.in/eghrXa8",https://www.linkedin.com/feed/update/urn:li:activity:6518089401099259904,Organic,11803,0,145,0.012285011820495129,54,0,6,0,0.017368465662002563
2019-03-30 00:00:00,"Want to see an Indiana University Jacobs School of Music education in action? Then take a few minutes to tune into our livestream of Jacobs alum Kaitlyn Williams performing live from the Briscoe Quadrangle today at 3:45!
https://lnkd.in/gBxrrJi",https://www.linkedin.com/feed/update/urn:li:activity:6517817607738007552,Organic,8783,0,33,0.0037572584114968777,29,0,2,0,0.007286804262548685
2019-03-30 00:00:00,"Visiting the past shouldn‚Äôt be difficult.
At Indiana University, we‚Äôre digitally preserving nearly half a million historical video, sound, and film recordings so that researchers worldwide will find it easier than ever to discover lost cultures, extinct languages, and forgotten heroes. Learn more.
https://lnkd.in/gePJdRb",https://www.linkedin.com/feed/update/urn:li:activity:6517731489491361792,Organic,16932,0,190,0.011221355758607388,204,4,9,0,0.024037325754761696
2019-03-29 00:00:00,"The greatest spectacle in collegiate cycling returns to Indiana University's Armstrong Stadium on April 12 and 13. The women will race Friday at 4pm and the men's race is Saturday at 2pm. Are you ready?

More info: https://lnkd.in/eWxZJcT

#Little500 #indianauniversity #iubloomington #university #cycling",https://www.linkedin.com/feed/update/urn:li:activity:6517359904292958208,Organic,85144,31097,678,0.007962980307638645,1065,59,104,0,0.022385604679584503
2019-03-27 00:00:00,"Chicago Area IU Alumni...take your career to the next level and Design your Leadership Path!

Unlike a conference where you listen and watch, this experiential leadership development retreat will empower you to take an active role in designing your life and career so you can thrive. This hands-on professional development experience will teach you the Design Thinking process and empower you to envision your ideal career future and create specific action steps to make it a reality.
Join us on Thursday, May 2, 2019 at OffSite Chicago.  
#leadership #designthinking #iualumni #iuaacpd
https://lnkd.in/eKumCfp ",https://www.linkedin.com/feed/update/urn:li:activity:6516669163254145024,Organic,27154,0,173,0.0063710687682032585,76,1,1,0,0.009243573993444443
2019-03-26 00:00:00,"At Indiana University we go all in. That's why we've embarked on a comprehensive effort to combat the opioid addiction crisis, not just in Indiana, but across the country. 
IU‚Äôs Responding to the Addictions Crisis Grand Challenge is the largest, most comprehensive response to the addictions crisis in the nation led by a university, and we're just getting started. Learn more:
https://lnkd.in/gNcZdpU

#indianauniversity #IUGrandChallenges #opioidaddiction",https://www.linkedin.com/feed/update/urn:li:activity:6516285715586908160,Organic,12123,0,62,0.005114245694130659,97,3,7,0,0.013940444216132164
2019-03-26 00:00:00,"At Indiana University we go all in. That's why we've embarked on a comprehensive effort to combat the opioid addiction crisis, not just in Indiana, but across the country. 
IU‚Äôs Responding to the Addictions Crisis Grand Challenge is the largest, most comprehensive response to the addictions crisis in the nation led by a university, and we're just getting started. Learn more:
https://lnkd.in/gNcZdpU

#indianauniversity #IUGrandChallenges #opioidaddiction",https://www.linkedin.com/feed/update/urn:li:activity:6516285715586908160,Sponsored,1922,0,7,0.00364203960634768,0,0,0,0,0.00364203960634768
2019-03-26 00:00:00,"At Indiana University we go all in. That's why we've embarked on a comprehensive effort to combat the opioid addiction crisis, not just in Indiana, but across the country. 
IU‚Äôs Responding to the Addictions Crisis Grand Challenge is the largest, most comprehensive response to the addictions crisis in the nation led by a university, and we're just getting started. Learn more:
https://lnkd.in/gNcZdpU

#indianauniversity #IUGrandChallenges #opioidaddiction",https://www.linkedin.com/feed/update/urn:li:activity:6516285715586908160,Total,14045,0,69,0.0049127801321446896,97,3,7,0,0.012531150132417679
2019-03-25 00:00:00,"A true Hoosier champion - Lilly King just became the first woman to go 8-for-8 in the NCAA breaststroke finals. üèÜüèÜüèÜ
Here's what IU President Michael McRobbie had to say about King:

""By becoming the first woman to go 8-for-8 in NCAA breaststroke finals, Evansville, Indiana native Lilly King further cemented her position in the annals of IU‚Äôs and the state‚Äôs greatest-ever athletes. It has truly been a privilege to watch this fierce competitor and Academic All-Big Ten student-athlete for four years at IU and to witness such extraordinary world-class talent. We wish her the very best as she prepares to pursue her professional swimming career.""",https://www.linkedin.com/feed/update/urn:li:activity:6515938824059789312,Organic,87242,0,1157,0.013261960819363594,1457,35,30,0,0.03070768713951111
2019-03-24 00:00:00,"Indiana University VP for research & cybersecurity expert Fred Cate recently talked with Indianapolis Business Journal about how the cyberspace landscape has changed over the last decade & shared some challenges facing the industry and our nation.
https://lnkd.in/eA3hRTh?

#indianauniversity #cybersecurity #iuresearch",https://www.linkedin.com/feed/update/urn:li:activity:6515594096789245952,Organic,17542,0,178,0.010147075168788433,129,4,5,0,0.018013909459114075
2019-03-23 00:00:00,"From the Florida Keys to the Great Lakes, Indiana University Bloomington senior Tori Galloway is taking her education to new depths at IU's Center for Underwater Science. üåäü¶àüåäü¶ëüåä
Read Tori's full story 
üëâ https://lnkd.in/gMUE3kX
#OneDayOneHoosier",https://www.linkedin.com/feed/update/urn:li:activity:6515205386172272640,Organic,13204,0,89,0.006740381475538015,55,1,3,0,0.011208724230527878
2019-03-22 00:00:00,"Find out who'll be speaking at Indiana University commencement ceremonies üë©üèº‚Äçüéìüéìüë®üèº‚Äçüéìüéì this year and who will be receiving honorary degrees. 
üëáüëáüëá

https://lnkd.in/g3jieZf?
#indianauniversity",https://www.linkedin.com/feed/update/urn:li:activity:6514827881758232576,Organic,46569,0,3457,0.07423393428325653,254,6,10,0,0.08003178238868713
2019-03-21 00:00:00,"The fourth annual IU Day is rapidly approaching and it's going to be the biggest celebration of IU yet!

How will you make #IUDAY yours?

iuday.iu.edu

Coming 4-10

#indianauniversity",https://www.linkedin.com/feed/update/urn:li:activity:6514439873410199552,Organic,32218,7528,133,0.004128127358853817,221,3,25,0,0.011856726370751858
2019-03-20 00:00:00,"The IU Alumni Association is proud to present job opportunities for IU alumni from all campuses from employers specifically seeking to hire a Hoosier. Check out these listings that were recently shared with the IUAA. 

ZS Associates, Evanston, IL  - TRAVEL ASSISTANT
The Travel Assistant provides travel logistics support to domestic and international travelers within an office. 
For a full job description and application instructions, visit: https://lnkd.in/eXXVm3V. 

Universal Standard, New York, NY ‚Äì ASSOCIATE SOURCING MANAGER
As the Associate Sourcing Manager, you will be a key liaison for day to day global sourcing operations to ensure on-time delivery of the highest quality products. Our ideal candidate is naturally curious, thinks critically and has a keen eye for details. 
For a full job description and application instructions, visit: https://lnkd.in/eE6PWzS. 
If you need additional career assistance, the IUAA Career and Professional Development team is here to help. Learn more about career coaching at www.iualumnicareers.com. 
#jobposting #iualumni #iuaacpd ",https://www.linkedin.com/feed/update/urn:li:activity:6514154577196040192,Organic,19387,0,371,0.01913653500378132,91,2,4,0,0.02413988672196865
2019-03-19 00:00:00,"Carol Giacomo, an award-winning journalist and expert in foreign affairs and defense issues, has been named the second Indiana University Poynter Chair.",https://www.linkedin.com/feed/update/urn:li:activity:6513790219467186178,Organic,12617,0,51,0.004042165353894234,78,0,4,0,0.010541332885622978
2019-03-18 00:00:00,"Take a walk with us through IU's Wendell W. Wright Education Building. Completed in 1993, the limestone classroom building houses the Education Library and the state-of-the-art Center for Research on Learning and Technology.
#universities #indianauniversity #highereducation",https://www.linkedin.com/feed/update/urn:li:activity:6513457389059010560,Organic,52572,17902,421,0.008008064702153206,311,19,10,0,0.014475386589765549
2019-03-18 00:00:00,"The power of the IU network is strong. With more than 690,000 graduates, the IU network is one of your most readily available professional tools. In the March 20 webcast, ‚ÄúBuilding Your IU Professional Network,‚Äù Erin Erwin will be presenting a few tips on cultivating your network, and then interviewing two IUAA influencers on how the IU network has impacted them personally and professionally. #iuaa #iualumni #networking #careerdevelopment
Register for free:
https://lnkd.in/e29tttk",https://www.linkedin.com/feed/update/urn:li:activity:6513428652414300160,Organic,18024,0,243,0.01348202396184206,138,4,5,0,0.021637815982103348
2019-03-15 00:00:00,"The Indiana University community mourns the passing of former U.S. senator and IU alumnus Birch Bayh, who died yesterday at the age of 91. Read more about Bayh's legacy below.

https://lnkd.in/gg-Ck57",https://www.linkedin.com/feed/update/urn:li:activity:6512319754836021249,Organic,26507,0,425,0.01603350043296814,254,20,14,0,0.02689855545759201
2019-03-14 00:00:00,"A cutting-edge blood test discovered by Indiana University School of Medicine researchers could help more accurately diagnose military veterans and other people experiencing post-traumatic stress disorder, and potentially provide more precise treatments and prevention. #research #health #universities #medicine

https://lnkd.in/gi2cVD7",https://www.linkedin.com/feed/update/urn:li:activity:6511952783674085376,Organic,29678,0,469,0.015802951529622078,335,7,42,0,0.028741829097270966
2019-03-13 00:00:00,"Women's basketball today is a different game from the days when Teri Moren, head coach of Indiana Women's Basketball was a young girl challenging the guys in her neighborhood.

Now, in her fifth year as head coach, Moren is hopeful she's making an impact on the young women she works with.

Learn more at: herstory.iu.edu

#highereducation #basketball #womenleadership #indianauniversity",https://www.linkedin.com/feed/update/urn:li:activity:6511565130432602112,Organic,37817,11745,176,0.004653991665691137,213,8,14,0,0.010868128389120102
2019-03-12 00:00:00,"For the third time in four years, the Paul H. O'Neill School of Public and Environmental Affairs at Indiana University Bloomington has been ranked No. 1 for its master's program in public affairs in the U.S. News & World Report Best Graduate School rankings, released today. 

#indianauniversity #university #graduateschoolsandstudents",https://www.linkedin.com/feed/update/urn:li:activity:6511230180143489024,Organic,53979,0,1363,0.02525055967271328,956,28,90,0,0.045147188007831573
2019-03-11 00:00:00,"Indiana University is funding the largest media digitization project in higher ed to preserve nearly half a million historical video, sound, and film recordings. Learn more about how we're rescuing these treasures from the hands of time.
#digitalpreservation #indianauniversity",https://www.linkedin.com/feed/update/urn:li:activity:6510865803359907840,Organic,20538,0,189,0.00920245423913002,161,4,15,0,0.01796669512987137
2019-03-10 00:00:00,"There's a seriously funky new version of the classic Indiana University fight song coming your way featuring the IU African American Arts Institute, the Indiana University Jacobs School of Music, the IU Marching Hundred Band and funk pioneer, Bootsy Collins! ü§©
Check it out!",https://www.linkedin.com/feed/update/urn:li:activity:6510570604830298112,Organic,74576,24985,1092,0.014642780646681786,395,33,39,0,0.020904848352074623
2019-03-09 00:00:00,"Angie Steeno was diagnosed with Triple Negative Breast Cancer in 2015, ten years after overcoming an unrelated cancer. She read about the IU Grand Challenge Precision Health Initiative's goals to improve treatment for this disease and reached out to say thanks.
https://lnkd.in/g_z2ZcE",https://www.linkedin.com/feed/update/urn:li:activity:6510147267113164800,Organic,16333,0,135,0.008265474811196327,40,0,1,0,0.010775730013847351
2019-03-08 00:00:00,"For almost two centuries, women have helped shape the future of Indiana University. Today and every day, we celebrate those women and their accomplishments. üí™

See their stories at herstory.iu.edu

#internationalwomensday2019 #indianauniversity",https://www.linkedin.com/feed/update/urn:li:activity:6509785117307867136,Organic,31348,8037,118,0.003764195367693901,214,7,26,0,0.011643486097455025
2019-03-06 00:00:00,"The IU Alumni Association is proud to present job opportunities for IU alumni from all campuses from employers specifically seeking to hire a Hoosier. Check out this listing that was recently shared with the IUAA. 

Lotus Education and Arts Foundation  - EXECUTIVE DIRECTOR 

The Lotus Education and Arts Foundation is seeking a full-time Executive Director to lead a robust non-profit multicultural arts organization based in Bloomington, Indiana. The organization‚Äôs year-round initiatives include one of the oldest world music festivals in the U.S.; a highly impactful arts-education program in schools; community visual-arts outreach; and concerts, classes, and more in its recently renovated Lotus Firebay venue.

For a full job description and application instructions, please visit: https://lnkd.in/eQAf3ji.  

If you need additional career assistance, the IUAA Career and Professional Development team is here to help. Reach out at careers@alumni.iu.edu. 
",https://www.linkedin.com/feed/update/urn:li:activity:6509075246652411905,Organic,19807,0,315,0.015903469175100327,63,3,3,0,0.019387084990739822
2019-03-05 00:00:00,"The Indiana University - Kelley School of Business Direct Online MBA has again been ranked second in the U.S. and fourth worldwide by the Financial Times üëÄüëâ https://bit.ly/2C5K5Kk 
#universities #businessschools #indianauniversity",https://www.linkedin.com/feed/update/urn:li:activity:6508760136352354304,Organic,17015,0,196,0.01151924766600132,128,1,6,0,0.019453423097729683
2019-03-04 00:00:00,"Today the IU School of Public and Environmental Affairs has been renamed for distinguished alumnus and former secretary of the U.S. Treasury Paul H. O'Neill.

#highereducation #indianauniversity ",https://www.linkedin.com/feed/update/urn:li:activity:6508343005915729920,Organic,34770,0,796,0.022893298417329788,325,2,29,0,0.03313200920820236
2019-03-01 00:00:00,"Indiana University Bloomington senior Zaid Karabatak never expected to find a passion for comedy when he came to IU. See how he's using that to change perceptions about Arab Americans while he's on campus.
#universities #campus #socialmedia #hesm #comedy #indianauniversity #onedayonehoosier",https://www.linkedin.com/feed/update/urn:li:activity:6507347945254375424,Organic,40035,11891,208,0.005195453763008118,180,3,10,0,0.010016235522925854
2019-02-27 00:00:00,"‚ÄúThere have been multiple wars trying to resolve this issue, and a series of negotiations, but they have all ultimately run aground,‚Äù says  IU Bloomington Professor Sumit Ganguly.",https://www.linkedin.com/feed/update/urn:li:activity:6506625783388258304,Organic,16114,0,186,0.011542757973074913,33,0,0,0,0.013590666465461254
2019-02-23 00:00:00,"Self-confidence is good, right?
Research from the Indiana University - Kelley School of Business indicates that it can be risky for amateurs investing in online equity crowdfunded ventures.
https://lnkd.in/gZ6csE4?",https://www.linkedin.com/feed/update/urn:li:activity:6505081889429291008,Organic,18102,0,119,0.006573859136551619,39,1,4,0,0.009004529565572739
2019-02-22 00:00:00,"At Indiana University, we're going all-in to fight the national #opioid addiction crisis. Learn more:
https://lnkd.in/eA_TmVj",https://www.linkedin.com/feed/update/urn:li:activity:6504770327036383232,Organic,15610,0,51,0.00326713640242815,84,0,8,0,0.00916079431772232
2019-02-20 00:00:00,"For the fourth year in a row, Indiana University has been named a top producer for the Fulbright U.S. Student Program, as announced by the U.S. Department of State's Bureau of Educational and Cultural Affairs.
#universities #collegesanduniversities #education #fulbright #indianauniversity",https://www.linkedin.com/feed/update/urn:li:activity:6504085425118867456,Organic,36277,0,499,0.013755272142589092,422,6,18,0,0.02604956366121769
2019-02-19 00:00:00,"For the first time ever, Americans are now more likely to die of an accidental opioid overdose than a car crash.
At Indiana University, we're fighting back against the opioid crisis -- here is Robin Newhouse, Dean of the Indiana University School of Nursing, with five things anyone can do to combat opioid deaths.
https://lnkd.in/ezG68is

#universities #nursing #opioidepidemic #indianauniversity #health",https://www.linkedin.com/feed/update/urn:li:activity:6503631879810412545,Organic,55998,0,848,0.015143398195505142,357,16,53,0,0.022750811651349068
2019-02-18 00:00:00,0,https://www.linkedin.com/feed/update/urn:li:activity:6503298742437892096,Organic,22745,0,275,0.012090569362044334,128,1,23,0,0.018773356452584267
2019-02-15 00:00:00,"Cybersecurity Program Chair and Kelley School of Business Associate Professor Scott Shackelford insists that organizations who are considering ‚Äúhacking back‚Äù after cyberattacks ""should be discouraged‚Ä¶from acting aggressively, because of the risk of destabilizing corporate and international relations."" https://lnkd.in/eQQM3D7

#cyberdefense #hacking #computersecurity",https://www.linkedin.com/feed/update/urn:li:activity:6502197048031404033,Organic,21791,0,154,0.007067137863487005,70,3,7,0,0.010738378390669823
2019-02-13 00:00:00,"Successful athletes use coaches and successful professionals can, too! The Indiana University Alumni Association Career and Professional Development coaches will be onsite at the IU Chicago Advancement Office and the IUPUI campus for individual coaching sessions the week of February 18. Sign up to invest in you and your career. https://lnkd.in/eGbVzf6 ",https://www.linkedin.com/feed/update/urn:li:activity:6501418105917497344,Organic,12671,0,75,0.005919027607887983,46,1,1,0,0.00970720499753952
2019-02-11 00:00:00,"Part of Indiana University's mission is making an impact right here in our own state. Now, three IU centers have secured $45,000 to help address opioid abuse in rural Indiana communities.
 #grandchallenges #universities #opioidepidemic",https://www.linkedin.com/feed/update/urn:li:activity:6500812578883719168,Organic,24774,0,164,0.006619843188673258,173,6,12,0,0.014329538680613041
2019-02-08 00:00:00,"Are you an Indiana University faculty or staff member interested in launching a startup? The Quarry, a new entrepreneurial support mechanism launched by the IU Research and Technology Corp. is here to help.

#innovationmanagement #incubation #startupstrategies #incubators #universities ",https://www.linkedin.com/feed/update/urn:li:activity:6499751942057656320,Organic,24762,0,222,0.00896534975618124,124,4,7,0,0.014417252503335476
2019-02-06 00:00:00,"Since 1961 this globe has kept watch over Ballantine Hall - a visual commitment to Indiana University's philosophy of bringing IU to the world and the world to IU.
#hesm #universities #globalleadership",https://www.linkedin.com/feed/update/urn:li:activity:6499014076906172416,Organic,112985,35059,1062,0.009399477392435074,1195,56,43,0,0.02085232548415661
2019-02-06 00:00:00,"Join IUAA Career and Professional Development Coach Emili Bennett to learn how to ditch the ‚Äúbalance‚Äù myth and integrate best practices that help fulfill your career, from physical wellness to social wellness. 

Free IUAA Webcast: Beyond Balance: Wellness in Life and Career
Wednesday, February 13, 2 p.m. ET

Register at: https://lnkd.in/eGbVzf6 and check out our other upcoming events as well. ",https://www.linkedin.com/feed/update/urn:li:activity:6498982666472345600,Organic,14065,0,90,0.006398862227797508,43,0,8,0,0.010024884715676308
2019-02-04 00:00:00,"The Indiana Innovation Institute, or IN3, is helping experts at Indiana University campuses advance high-tech solutions to real-world problems for industry and the U.S. Department of Defense.
#research #usdepartmentofdefense #universities ",https://www.linkedin.com/feed/update/urn:li:activity:6498246962695991296,Organic,33929,0,321,0.0094609335064888,355,11,10,0,0.020542899146676064
2019-01-31 00:00:00,"The Indiana University Philanthropic Venture Fund, which invests in IU-related ventures, recently invested $250,000 in Indianapolis-based environmental compliance company Encamp.

#venturecapital #startups #incubation #universities


",https://www.linkedin.com/feed/update/urn:li:activity:6496702270535716864,Organic,33057,0,443,0.013401094824075699,175,0,6,0,0.018876485526561737
2019-01-29 00:00:00,"Take a peek inside a day in the life of Indiana University student, August Tuggle, who hasn't let being legally blind stop her from pursuing her love of music and performance. 

Read August's whole story here: https://lnkd.in/ewFWfsX #universities #hesm #studentsuccess #highereducation",https://www.linkedin.com/feed/update/urn:li:activity:6496034339569098752,Organic,58310,15874,357,0.006122448947280645,325,3,15,0,0.012004802003502846
2019-01-28 00:00:00,It's true.,https://www.linkedin.com/feed/update/urn:li:activity:6495654840818024448,Organic,196674,0,9750,0.04957442358136177,4171,184,103,0,0.07224137336015701
2019-01-25 00:00:00,"Congrats to these Indiana University - Kelley School of Business accounting students on winning the @lifeatdeloitte FanTAXtic National Case Study Competition üèÜüèÜüèÜ.
  #business #universities  ",https://www.linkedin.com/feed/update/urn:li:activity:6494596380500250624,Organic,33596,0,569,0.016936540603637695,312,11,8,0,0.026788903400301933
2019-01-23 00:00:00,"These Indiana University researchers are tackling infectious disease in low-income communities in New Delhi by focusing on school-based intervention around personal hygiene habits and safe drinking water.
#research #universities #infectiousdiseases #publichealth",https://www.linkedin.com/feed/update/urn:li:activity:6493865707716046848,Organic,42280,10599,109,0.0025780510623008013,184,2,13,0,0.007284768391400576
2019-01-18 00:00:00,"We couldn't be more proud of IU Bloomington senior Anthony Coniglio for being selected as one of 16 Churchill Scholars for the 2019-20 academic year.

Coniglio joins an elite group of only five other IU students who have ever received this honor. He will study at the University of Cambridge during the 2019-20 academic year as part of an intensive nine-month master's degree program in mathematics. #computerscience #mathematics #graduateschoolsandstudents ",https://www.linkedin.com/feed/update/urn:li:activity:6492109965241704448,Organic,43542,0,647,0.014859216287732124,352,4,8,0,0.02321896143257618
2019-01-15 00:00:00,"Moving up - after being ranked second last year, the Indiana University - Kelley School of Business is ranked No. 1 among online MBA programs and online master's programs in the latest U.S. News and World Best Online Education Program rankings. 

The IU Online bachelor's degree program clocks in at 20th on the 2019 list.
#education #businessschools #collegesanduniversities #universities #degrees #rankings",https://www.linkedin.com/feed/update/urn:li:activity:6490946617624059904,Organic,38366,0,494,0.012875983491539955,425,7,30,0,0.02491789683699608
2019-01-14 00:00:00,"This IU alumnus and his partner just created an LGBTQ+ scholarship for Kelley School of Business students with a $2.2 million gift. 
#businessschools #graduateschoolsandstudents ",https://www.linkedin.com/feed/update/urn:li:activity:6490684616612155392,Organic,40876,0,1102,0.026959585025906563,419,16,10,0,0.037846170365810394
2019-01-11 00:00:00,"Warm up a little in these winter months with this look back at a day in the life of recreational therapy major Maria Erlandson. Maria spent her summer as a camp counselor for children with disabilities and chronic illnesses at Indiana University's Bradford Woods. For more of Maria's story, visit https://lnkd.in/eNhrx3B",https://www.linkedin.com/feed/update/urn:li:activity:6489586551272595456,Organic,47528,15742,223,0.0046919710002839565,142,10,5,0,0.007995286956429482
2019-01-10 00:00:00,"Having an impact, changing lives, making a difference - this is what an Indiana University education prepares you for, and it's not just what you learn in the classroom.

In 2018, students in the Indiana University Dance Marathon raised over $4.1 million to benefit the kids at Riley Children's Hospital -- that's more than any other university in the country!
#education #philanthropy",https://www.linkedin.com/feed/update/urn:li:activity:6489237844563943424,Organic,115543,0,2434,0.02106575109064579,1992,76,197,0,0.04066884145140648
2019-01-07 00:00:00,"
IU Bloomington ranks sixth among U.S. colleges for number of students studying abroad. Now, thanks to a $2 million gift from alumnus Jim Perschbacher, even more students in IU's Kelley School of Business will have the opportunity broaden their horizons.

",https://www.linkedin.com/feed/update/urn:li:activity:6488134889295134720,Organic,46223,0,586,0.012677671387791634,535,14,16,0,0.024901023134589195
2019-01-04 00:00:00,"Bringing together science, education and wonder -- IU's environmental Grand Challenge brought a bird banding station to Bloomington and bird lovers are going wild.
",https://www.linkedin.com/feed/update/urn:li:activity:6486987658810716161,Organic,28516,0,196,0.006873334292322397,153,5,9,0,0.012729695998132229
2018-12-28 00:00:00,"Looking to get into the Hoosier spirit? We teamed up with Indiana University Studio Art M.F.A. student Bethany Rahn to show how she createe this piece in the IU School of Art, Architecture + Design‚Äôs Letterpress Studio in the Fine Arts Building. Enjoy!",https://www.linkedin.com/feed/update/urn:li:activity:6484438496424579072,Organic,69089,25949,277,0.004009321331977844,371,11,21,0,0.00984237715601921
2018-12-26 00:00:00,This IU study found that worms can make you healthy ‚Äì if you‚Äôre a dung beetle! https://lnkd.in/ecX8DGP,https://www.linkedin.com/feed/update/urn:li:activity:6483771971824865280,Organic,19108,0,58,0.0030353779438883066,27,0,2,0,0.0045530665665864944
2018-12-26 00:00:00,"IU Alumnus George P. Smith created a $500,000 IU professorship to honor the late Wabash, Indiana, teacher Martha Biggerstaff Jones. 

https://bit.ly/2R8rzJZ",https://www.linkedin.com/feed/update/urn:li:activity:6483695467464060928,Organic,36472,0,393,0.010775389149785042,147,6,9,0,0.015217152424156666
2018-12-24 00:00:00,IU physicist co-leads study reporting the first observation of the weak interaction between protons and neutrons. http://go.iu.edu/28Vb,https://www.linkedin.com/feed/update/urn:li:activity:6483049460623560704,Organic,28860,0,443,0.015349965542554855,227,1,12,0,0.02366597391664982
2018-12-23 00:00:00,This IU researcher is working to better understand repetitive head impacts in sports. http://go.iu.edu/28Vv,https://www.linkedin.com/feed/update/urn:li:activity:6482398169010368512,Organic,14918,0,93,0.006234079599380493,104,0,16,0,0.014278053306043148
2018-12-21 00:00:00,"Congratulations to IU chemist Gary M. Hieftje for being elected as a fellow of the National Academy of Inventors!
https://bit.ly/2GxOMS0",https://www.linkedin.com/feed/update/urn:li:activity:6481974125496717312,Organic,33870,0,264,0.007794508244842291,285,4,6,0,0.016504280269145966
2018-12-20 00:00:00,"Last week nearly 2,000 students became Indiana University graduates. Relive the full IU winter commencement ceremony from Simon Skjodt Assembly Hall in Bloomington and join us in celebrating the members of the IU Class of 2018!",https://www.linkedin.com/feed/update/urn:li:activity:6481599144665378816,Organic,18258,0,86,0.004710264038294554,120,0,4,0,0.01150180771946907
2018-12-18 00:00:00,"Attention IU Alumnae (women): If you are in a career transition or a career reinvention, the Indiana University Alumni Association is offering a virtual career reinvention course beginning in January. To learn more, email Erin Erwin at erserwin@indiana.edu. Ready to register, do so at: https://lnkd.in/eH6Srxc. #careerreinvention #designingyourlife",https://www.linkedin.com/feed/update/urn:li:activity:6480858141893423104,Organic,86173,0,1689,0.01960010640323162,298,17,16,0,0.023441217839717865
2018-12-14 00:00:00,"Through new connections near and far, Indiana University celebrated another year of creating possibilities and making a difference. Take a look at all that 2018 brought, and learn more about the year‚Äôs great work.",https://www.linkedin.com/feed/update/urn:li:activity:6479385234709233665,Organic,53507,13602,159,0.002971573732793331,361,30,47,0,0.011157418601214886
2018-12-12 00:00:00,"Meet the Indiana University Office of the Bicentennial's 25 Bicentennial Professors.

The #communityengagement #research #universities Bicentennial Professorships program is part of the university's continued commitment to public outreach and community engagement. Each Bicentennial Professor will travel around the state delivering public presentations at community forums that describe -- in an engaging and accessible manner -- some of their research or professional activities.",https://www.linkedin.com/feed/update/urn:li:activity:6478702480237555712,Organic,34552,0,983,0.028449872508645058,202,2,7,0,0.03455660864710808
2018-12-11 00:00:00,"The IU Alumni Association is proud to present job opportunities for IU alumni from all campuses from employers specifically seeking to hire a Hoosier. Check out this listing that was recently shared with the IUAA. 

Ironwood Partners ‚Äì Associate, Investor Relations ‚Äì Chicago, IL

Support the Investor Servicing function for Ironwood‚Äôs private and registered funds in conjunction with an internal team and Ironwood‚Äôs third-party administrator. 

For a complete job description and application instructions, visit: https://lnkd.in/e4z57c3. 

Universal Standard ‚Äì Assistant Designer/Technical Designer ‚Äì New York, NY

This individual will be responsible for assisting the technical and design team to successfully conduct fit sessions and develop product.

For a complete job description and application instructions, visit:
https://lnkd.in/eE6PWzS. 

If you need additional career assistance, the IUAA Career and Professional Development team is here to help. Learn more about career coaching at www.iualumnicareers.com. 

",https://www.linkedin.com/feed/update/urn:li:activity:6478320923664543744,Organic,23531,0,418,0.01776380091905594,99,3,6,0,0.022353490814566612
2018-12-10 00:00:00,"Vector-borne diseases like dengue, Zika, Lyme and plague are on the rise, but researchers from Indiana University's Project Vector Shield are working to keep Hoosiers safe. 
#research #universities ",https://www.linkedin.com/feed/update/urn:li:activity:6477956622588137472,Organic,38081,5393,130,0.003413775935769081,122,2,5,0,0.006801291834563017
2018-12-07 00:00:00,This Indiana University professor's intelligent software is giving researchers new ways to study the brain.,https://www.linkedin.com/feed/update/urn:li:activity:6476889049876439040,Organic,28325,0,440,0.015533980913460255,285,10,15,0,0.026478376239538193
2018-12-06 00:00:00,"A dementia diagnosis isn‚Äôt the end. Indiana University alumnus Adam Sobol shares how technological advances are helping patients maintain their quality of life. Sobol is the founder and CEO of CareBand, a wearable technology company dedicated to improving quality of life for seniors living with dementia. #living #universities #iualumni #wearabletech ",https://www.linkedin.com/feed/update/urn:li:activity:6476484518747348992,Organic,17044,0,82,0.004811077378690243,88,0,2,0,0.010091527365148067
2018-12-05 00:00:00,"
We're constantly in awe of the incredible work being done by the more than 9,200 faculty and staff at IU Bloomington, but the six staff members receiving our 2018 Staff Merit Awards have gone above and beyond in service to the university.

Thank you for all you do!

#staffappreciation # #universities #award ",https://www.linkedin.com/feed/update/urn:li:activity:6476108270267363328,Organic,32754,0,869,0.02653111144900322,180,6,5,0,0.03236246109008789
2018-11-30 00:00:00,"Four years after Isaiah Hudson first stepped onto Indiana University's Bloomington campus as a Groups Scholar, he's giving back to the program that helped shape his academic future and career path.",https://www.linkedin.com/feed/update/urn:li:activity:6474284602159624192,Organic,56583,4879,397,0.007016241550445557,276,9,19,0,0.012388880364596844
2018-11-29 00:00:00,Faculty who inspire: congratulations to the eight outstanding researchers at Indiana University who have been named fellows of the AAAS - an honor that recognizes their outstanding contributions to the progress of science and research. #education #research #science #universities ,https://www.linkedin.com/feed/update/urn:li:activity:6473962907406266368,Organic,30171,0,551,0.018262570723891258,205,4,8,0,0.02545490674674511
2018-11-27 00:00:00,"The IU Alumni Association is proud to present job opportunities for IU Alumni from all campuses from employers specifically seeing to hire a Hoosier. Check out this listing that was recently shared with the IUAA.
President, Bloomington Economic Development Corporation (BEDC), Bloomington, IN

The President of the BEDC is responsible for the BEDC‚Äôs consistent achievement of its mission and daily operations. The President leads the organization as to new initiatives and strategies in economic development. The President reports to the BEDC Board of Directors and specifically to the Chair of the Board and the BEDC Executive Committee.

For a complete job description, visit https://lnkd.in/dgJpV52. 

To apply, please submit a resume and cover letter by December 31, 2018
BEDCsearch@bloomingtonedc.com
BEDC Search Committee
1720 N. Kinser Pike
Bloomington, IN  47404

For more information about the BEDC please visit:
BEDC       www.bloomingtonedc.com
",https://www.linkedin.com/feed/update/urn:li:activity:6473331718156742656,Organic,17480,0,194,0.011098397895693779,43,0,3,0,0.013729977421462536
2018-11-27 00:00:00,"We're thankful for all of our #IUDonors. ‚ù§Ô∏è We wouldn't be who we are today without them!
#GivingTuesday is coming up tomorrow! ü§ù Check out this list of some of the campaigns you could donate toward. ‚§µ",https://www.linkedin.com/feed/update/urn:li:activity:6473267938479656960,Organic,21573,0,70,0.0032447967678308487,105,1,1,0,0.00820470042526722
2018-11-20 00:00:00,"A $3.1 million grant from the National Cancer Institute (NCI) will advance an Indiana University researcher Paul Macklin's work in the fight against colorectal cancer. The award to Macklin and colleagues at the University of Southern California will advance search for new cancer treatments using computer simulations. üî¨

Read the whole story here: http://go.iu.edu/28pc 
#research #cancer #award #cancertreatment ",https://www.linkedin.com/feed/update/urn:li:activity:6470675867138826240,Organic,34437,0,179,0.005197897553443909,227,4,17,0,0.012399453669786453
2018-11-15 00:00:00,Eleven IU area studies centers and programs have been funded by the Department of Education's Title VI program. http://go.iu.edu/24Wq #InternationalEducationWeek,https://www.linkedin.com/feed/update/urn:li:activity:6468819837048156160,Organic,31360,0,235,0.007493622601032257,172,0,7,0,0.013201531022787094
2018-11-14 00:00:00,"From Bloomington to Bangkok, meet members of the IU family who are acting as ambassadors for the university. http://go.iu.edu/28bT #InternationalEducationWeek #IUisEverywhere",https://www.linkedin.com/feed/update/urn:li:activity:6468457512180994048,Organic,19350,0,204,0.010542635805904865,101,4,2,0,0.0160723514854908
2018-11-14 00:00:00,"The IU Alumni Association is proud to present job opportunities for IU Alumni from all campuses from employers specifically seeing to hire a Hoosier. Check out this listing that was recently shared with the IUAA. 

Penske Financial Analyst in Shelbyville, IN - https://lnkd.in/eK6uDDG #finance",https://www.linkedin.com/feed/update/urn:li:activity:6468298365703643136,Organic,23313,0,221,0.009479689411818981,37,0,5,0,0.01128125935792923
2018-11-12 00:00:00," Indiana University has joined in endorsing the Paris Call for Trust and Security in Cyberspace, a document calling for international cooperation in the realm of cybersecurity, presented today by French President Emmanuel Macron at the Paris Peace Forum.
#cyberdefense #computersecurity #universities ",https://www.linkedin.com/feed/update/urn:li:activity:6467838239674822656,Organic,22934,0,90,0.003924304619431496,141,0,8,0,0.010421209037303925
2018-11-08 00:00:00,Meet three students in Indiana University's new J. Irwin Miller Architecture Program. #architecture #universities ,https://www.linkedin.com/feed/update/urn:li:activity:6466366594766426113,Organic,30231,0,296,0.00979127362370491,148,8,10,0,0.015282326377928257
2018-11-05 00:00:00,Do you have a passion for storytelling? Are you experienced with videography and audio recording? The Office of the Provost is looking for two interns to help produce multimedia projects and podcasts! Get the details on these exciting opportunities here: https://lnkd.in/eWPSggb,https://www.linkedin.com/feed/update/urn:li:activity:6465278007744483329,Organic,50805,0,474,0.009329790249466896,136,5,8,0,0.012262572534382343
2018-11-02 00:00:00,"For Michael Anthony (B.A. '90, French), food is so much more than sustenance. It's art. It's style. It's an expression of who he is.
And it's a decorated career, too. Anthony is the executive chef of Gramercy Tavern, one of the most acclaimed restaurants in New York City.
Read Anothony's full story in the IU College of Arts and Sciences magazine: https://lnkd.in/eCY8eic",https://www.linkedin.com/feed/update/urn:li:activity:6464137589535371264,Organic,49678,57,164,0.0033012600615620613,139,5,5,0,0.006300575565546751
2018-10-29 00:00:00,Indiana University President Michael A. McRobbie has been elected by the Association of American Universities as vice chair of the organization's board of directors. ,https://www.linkedin.com/feed/update/urn:li:activity:6462741094676389888,Organic,43341,0,484,0.011167255230247974,334,8,16,0,0.019427331164479256
2018-10-25 00:00:00,"This week the Kelley School of Business and edX, the leading nonprofit online learning destination, launched a new partnership to present two top-ranked, fully online Master‚Äôs degree programs. ",https://www.linkedin.com/feed/update/urn:li:activity:6461253408199360513,Organic,28995,0,334,0.011519227176904678,154,0,7,0,0.017071908339858055
2018-10-22 00:00:00,"The students, faculty, staff and alumni of Indiana University are bringing IU to the world and making a difference.
This summer, Don Lyon, director of residencies at the Indiana University School of Optometry and founder of Vision for the Future, worked with Rwandan students to perform hundreds of vision exams on school children in rural Rwanda.
Learn more about IU's impact in Rwanda at:  https://rwanda.iu.edu.
#IUinRwanda",https://www.linkedin.com/feed/update/urn:li:activity:6460201437002502144,Organic,63279,27,165,0.0026075001806020737,356,10,22,0,0.008739076554775238
2018-10-18 00:00:00,"The students, faculty, staff and alumni of Indiana University are building connections and making an impact across the globe. 

Watch as IU Libraries' Michael Courtney discusses the process of building the first library at Kabwende Primary School in Rwanda.
For more on IU's work in Rwanda visit: rwanda.iu.edu
#IUinRwanda",https://www.linkedin.com/feed/update/urn:li:activity:6458785131678175232,Organic,55166,20,159,0.002882210072129965,300,4,7,0,0.008519740775227547
2018-10-16 00:00:00,"The IU Alumni Association is proud to present job opportunities for IU Alumni from all campuses from employers specifically seeing to hire a Hoosier. Check out these listing that was recently shared with the IUAA. 

Assistant/Associate Professor and Head Librarian, Special Collections and University Archives
University of Illinois at Chicago 
Link to Job Description and Application:  https://lnkd.in/eE8fEvY. 

Regulatory Affairs Associate (611481), Zimmer Biomet, Warsaw, IN
Link to Job Description and Application: https://lnkd.in/eG-iuna

Reg Affairs Senior Coordinator (511204), Zimmer Biomet, Warsaw, IN
Link to Job Description and Application: https://lnkd.in/efsAkbR
",https://www.linkedin.com/feed/update/urn:li:activity:6458011402236936192,Organic,5929,0,89,0.015010963194072247,9,0,1,0,0.016697587445378304
2018-10-15 00:00:00,"The next installment in the our IU in Rwanda project is out! See how Simon Munyaneza, a Ph.D. student in the IU School of Education, turned his passion for teaching into an international collaboration with Indiana University. Check out more #IUinRwanda stories at: http://rwanda.iu.edu
#education #universities ",https://www.linkedin.com/feed/update/urn:li:activity:6457674167717236736,Organic,55061,27,206,0.003741305088624358,286,5,12,0,0.009244292974472046
2018-10-11 00:00:00,"For the fourth consecutive year, Indiana University has been recognized as one of the most innovative universities in the world.",https://www.linkedin.com/feed/update/urn:li:activity:6456227528657899520,Organic,50214,0,829,0.016509339213371277,741,15,79,0,0.03313816711306572
2018-10-10 00:00:00,Understanding and leveraging your strengths will lead to greater professional success and engagement. IUAA invites all IU alumni to learn about their strengths in a free webcast on Strengths Sleuthing Wednesday at 2 p.m. ET. Register at https://lnkd.in/eq-RmMt. #strengths #iuaa ,https://www.linkedin.com/feed/update/urn:li:activity:6455588585281249280,Organic,40372,0,260,0.006440106779336929,91,1,1,0,0.00874368380755186
2018-10-09 00:00:00,"The Indiana University family is deeply saddened by the passing of the legendary IU football player and African-American trailblazer, George Taliaferro. 
#football #universities ",https://www.linkedin.com/feed/update/urn:li:activity:6455524619750383617,Organic,40528,0,630,0.015544808469712734,461,25,39,0,0.02849881537258625
2018-10-05 00:00:00,"IU School of Medicine scientists have received the university's largest single grant from the National Institutes of Health -- totaling more than $44 million -- and will partner with a team of premier researchers around the country to lead a five-year national research study of a relatively rare form of Alzheimer's disease.
#health #research #medicine #neurology #medicalsciences ",https://www.linkedin.com/feed/update/urn:li:activity:6454040798022365184,Organic,32928,0,235,0.007136783096939325,253,7,21,0,0.01567055471241474
2018-10-04 00:00:00,"IU's School of Global and International Studies will be renamed in honor of former U.S. Rep. Lee H. Hamilton and former U.S. Sen. Richard G. Lugar -- two immensely accomplished Indiana statesmen and two of the nation's most distinguished and influential voices in foreign policy.
#diplomacy #internationalrelations #foreignaffairs #internationalstudies #foreignpolicy ",https://www.linkedin.com/feed/update/urn:li:activity:6453612597903134720,Organic,38065,0,420,0.011033757589757442,353,8,26,0,0.021200578659772873
2018-10-03 00:00:00,"The IU Alumni Association is proud to present job opportunities for IU alumni from all campuses from employers specifically seeking to hire a Hoosier. Check out this listing that was recently shared with the IUAA. 

First Financial Bank: Commercial Support Specialist III, Bloomington, IN

We do the right things, right now. We do them in a way that is relevant to our clients. Become a part of our history as it continues to be written!If you are interested and qualified for this role, we invite you to https://lnkd.in/e6WnH58 

Alpha IR Group (www.alpha-ir.com) Financial Consulting Analyst, Chicago, IL
A strategic investor relations consulting firm providing investment community intelligence and positioning strategies to publicly traded companies. Our goal is to help CEO/CFOs of small- and mid-cap companies navigate the cycles of the public financial markets. We need strategic thinkers that are dedicated to delivering exceptional client service. 
https://lnkd.in/eSs9viT
",https://www.linkedin.com/feed/update/urn:li:activity:6453065833114595328,Organic,27717,0,290,0.010462893173098564,58,0,2,0,0.012627629563212395
2018-09-28 00:00:00,"Every year Indiana University faculty, staff, students and alumni are making an impact in Rwanda, from literacy training and building playgrounds to 3D printing prosthetic limbs and much more. Check out the video and then learn more at: rwanda.iu.edu 
#IUinRwanda",https://www.linkedin.com/feed/update/urn:li:activity:6451465264147034113,Organic,60190,81,213,0.003538793884217739,405,16,33,0,0.0110815754160285
2018-09-25 00:00:00,"The IU Alumni Association is proud to present job opportunities for IU alumni from all campuses from employers specifically seeking to hire a Hoosier. Check out this listing that was recently shared with the IUAA. 

The University Library of the University of Illinois at Chicago - ASSISTANT PROFESSOR & REFERENCE and LIAISON LIBRARIAN - Liaison to History; Criminology, Law and Justice Anthropology
‚Ä¢	https://lnkd.in/eymQMpd 

Mathematica Policy Research ‚Äì Survey Research Associate
‚Ä¢	https://lnkd.in/ec6JUuV 

If you need additional career assistance, the IUAA Career and Professional Development team is here to help. Learn more about career coaching at www.iualumnicareers.com. 
 #financeandeconomy ",https://www.linkedin.com/feed/update/urn:li:activity:6450406363423129600,Organic,38015,0,617,0.01623043604195118,144,2,5,0,0.020202551037073135
2018-09-20 00:00:00,"Congratulations to IU Kelley alum, Glen Grunwald, on being named President & CEO of Canada Basketball. #executivepositions #sports #basketball #ceos ",https://www.linkedin.com/feed/update/urn:li:activity:6448549575765688320,Organic,32419,0,206,0.006354298442602158,205,4,9,0,0.013078750111162663
2018-09-20 00:00:00,"Congratulations to IU Kelley alum, Glen Grunwald, on being named President & CEO of Canada Basketball. #executivepositions #sports #basketball #ceos ",https://www.linkedin.com/feed/update/urn:li:activity:6448549575765688320,Sponsored,0,0,0,0.0,0,0,0,0,0.0
2018-09-20 00:00:00,"Congratulations to IU Kelley alum, Glen Grunwald, on being named President & CEO of Canada Basketball. #executivepositions #sports #basketball #ceos ",https://www.linkedin.com/feed/update/urn:li:activity:6448549575765688320,Total,32419,0,206,0.006354298442602158,205,4,9,0,0.013078750111162663
2018-09-14 00:00:00,"IU's Kelley School of Business was just ranked 10th overall and 2nd among Big Ten peers by U.S. News & World Report.
#universities #businessschools #graduateschoolsandstudents #business ",https://www.linkedin.com/feed/update/urn:li:activity:6446465981052174336,Organic,84389,0,3835,0.0454443097114563,1505,33,157,0,0.06552986800670624
2018-09-11 00:00:00,The IUAA Career and Professional Development coaches will be on location at IUPUI and Chicago in October and November. This is your chance to meet in person with a career coach. Register at https://lnkd.in/eGbVzf6. ,https://www.linkedin.com/feed/update/urn:li:activity:6445362102998745088,Organic,33003,0,217,0.006575159728527069,70,4,1,0,0.008847680874168873
2018-09-11 00:00:00,"The IUAA Beijing Chapter invites alumni from across the Asia-Pacific region and around the world to attend a day-long celebration of Indiana University on Sept. 22 in China. To learn more, watch this invitation from President Michael A. McRobbie or visit https://lnkd.in/emQYfqQ.",https://www.linkedin.com/feed/update/urn:li:activity:6445252653105635329,Organic,49875,4,189,0.0037894737906754017,91,3,6,0,0.005794486030936241
2018-09-10 00:00:00,"The IUAA Career and Professional Development team is excited to kick off the Career Navigator webcast series this week, giving you two weeks of LinkedIn tips and strategies. All webcasts are absolutely free. Register at https://lnkd.in/eGbVzf6. #linkedin #cpd #careernavigator",https://www.linkedin.com/feed/update/urn:li:activity:6444901739777847296,Organic,51408,0,500,0.009726112708449364,111,7,11,0,0.012235449627041817
2018-09-07 00:00:00,"Attention IU Alumni, Would you like to work for the Indiana University Alumni Association? We have four vacancies we are seeking to fill. All are posted on at https://jobs.iu.edu/. 

Titles include:
Assistant Director of Alumni Programs
Lifelong Learning Operations Manager
Alumni Communities Department Coordinator
IUPUI Director of Alumni Academic Programs",https://www.linkedin.com/feed/update/urn:li:activity:6443809015054028800,Organic,41415,0,961,0.023204153403639793,97,2,4,0,0.02569117397069931
2018-08-29 00:00:00,"The IU Alumni Association is proud to present job opportunities for IU Alumni from all campuses from employers specifically seeing to hire a Hoosier. Check out this listing that was recently shared with the IUAA.

Instructor and Processing Archivist - University Library

The University of Illinois at Chicago seeks an Instructor and Processing Archivist for the University Library‚Äôs Special Collections and University Archives Department. In coordination with the University Archivist, the Processing Archivist will process records and faculty papers in a variety of media formats, creating standards-based archival description.

Education Required:
Master's degree in library and information studies from an ALA-accredited program; or, Master's degree in history or a related discipline and formal coursework in archival administration.

Qualified candidates may apply at: https://lnkd.in/epVuwPT
",https://www.linkedin.com/feed/update/urn:li:activity:6440623036633804800,Organic,38406,0,275,0.007160339504480362,52,0,4,0,0.008618445135653019
2018-08-14 00:00:00,"Calling IU Alumni Job Seekers: 

Are you seeking a new job in the next six months? Would you like instruction from an experienced career coach and the accountability and support of other job changers? 
I am launching a new virtual coaching group - Job Search One Stop- that will take alumni through comprehensive instruction on how to structure and conduct and effective job search. This group is for IU alumni seeking a structured and collaborative experience who are comfortable in a web-based video conference environment. For only $150, gain access to 7.5 hours of live interaction with a career coach. Email erserwin@indiana.edu to learn more.¬†",https://www.linkedin.com/feed/update/urn:li:activity:6435128424079118336,Organic,25076,0,672,0.026798533275723457,70,3,3,0,0.029829319566488266
2018-08-14 00:00:00,"Calling IU Alumni Job Seekers: 

Are you seeking a new job in the next six months? Would you like instruction from an experienced career coach and the accountability and support of other job changers? 
I am launching a new virtual coaching group - Job Search One Stop- that will take alumni through comprehensive instruction on how to structure and conduct and effective job search. This group is for IU alumni seeking a structured and collaborative experience who are comfortable in a web-based video conference environment. For only $150, gain access to 7.5 hours of live interaction with a career coach. Email erserwin@indiana.edu to learn more.¬†",https://www.linkedin.com/feed/update/urn:li:activity:6435128421524795393,Organic,32239,0,927,0.028753994032740593,72,1,11,0,0.031359534710645676
2018-08-06 00:00:00,Hundreds of Indiana University alumni from around the globe will gather in Beijing for IU's Global Alumni Conference & Reunion on Sept. 21 & 22. Find out how you can participate: http://go.iu.edu/24zP,https://www.linkedin.com/feed/update/urn:li:activity:6432259096266760192,Organic,48973,0,500,0.010209707543253899,238,7,11,0,0.015437077730894089
2018-07-31 00:00:00,"Part of Indiana University's ongoing commitment to address Grand Challenges that face the state of Indiana and the world at large, the Precision Health initiative is focused on curing and preventing some of our most¬†devastating diseases.",https://www.linkedin.com/feed/update/urn:li:activity:6430105353786052608,Organic,29795,0,236,0.007920792326331139,113,0,10,0,0.012049001641571522
2018-07-31 00:00:00,"The IU Alumni Association is proud to present job opportunities for IU alumni from all campuses from employers specifically seeking to hire a Hoosier. Check out this listing that was recently shared with the IUAA. 

Belden (St. Louis, MO) - Total Rewards Analyst - The Total Rewards Analyst will contribute to the design, development, execution and communication of the organization‚Äôs total rewards programs, tools, policies and processes.   

Required Qualifications:
‚Ä¢	BA / BS degree in Human Resources, Business Administration, Finance, related field or equivalent practical experience.    
‚Ä¢	3 or more years relevant work experience.

Qualified and interested candidates may submit their resume to: www.belden.com/careers
",https://www.linkedin.com/feed/update/urn:li:activity:6430103884865298433,Organic,44346,0,613,0.013823118060827255,123,1,12,0,0.016889911144971848
2018-07-23 00:00:00,"Incoming freshman Susannah Buhner will be 17th member of her family to attend Indiana University. See how they all came together to give her a spirited send-off. For the full story, go to http://go.iu.edu/21Le",https://www.linkedin.com/feed/update/urn:li:activity:6427246115539820544,Organic,87254,4,832,0.009535379707813263,583,24,25,0,0.016778601333498955
2018-07-11 00:00:00,"Personal connections, innovative technology, one-on-one career coaching, and full-time faculty -- Take a look inside the top online MBA program in the United States: Indiana University's Kelley School of Business, where applications are up by double digits over the previous year!",https://www.linkedin.com/feed/update/urn:li:activity:6422848216571748352,Organic,39588,0,637,0.01609073393046856,223,10,15,0,0.022355258464813232
2018-07-06 00:00:00,Four alumni of Indiana University's Maurer School of Law have been included in Savoy magazine's annual listing of the most influential black lawyers in the United States.,https://www.linkedin.com/feed/update/urn:li:activity:6421079213666893824,Organic,54099,0,863,0.015952235087752342,363,7,27,0,0.023290634155273438
2018-06-29 00:00:00,"""Few cities, large or small, offer more than Bloomington, Indiana.""
But don't just take our word for it‚Ä¶
‚Äî via WGN-TV",https://www.linkedin.com/feed/update/urn:li:activity:6418561908353437696,Organic,48707,0,1581,0.03245940059423447,505,16,38,0,0.04393618926405907
2018-06-26 00:00:00,"The IU Alumni Association is proud to present job opportunities for IU alumni from all campuses from employers specifically seeking to hire a Hoosier. Check out this listing that was recently shared with the IUAA. 

Talent Insights Analyst or Consultant - Job Family 
Responsible for supporting the workforce operational analysis and reporting strategy by designing, developing and maintaining BI, analytics and data visualization solutions. For a full description, visit: https://lnkd.in/dFtxiXk. 

Email your resume and cover letter to Kristy.Tatum@amerigroup.com. 
",https://www.linkedin.com/feed/update/urn:li:activity:6417478009208479744,Organic,30082,0,360,0.011967289261519909,67,0,5,0,0.014360747300088406
2018-06-26 00:00:00,"Work somewhere you know you already love! Come back to IU, the largest employer in the state of Indiana. There are currently more than 250 open positions waiting for qualified applicants.",https://www.linkedin.com/feed/update/urn:li:activity:6417440049616560128,Organic,34931,0,728,0.02084108628332615,95,1,4,0,0.02370387315750122
